DATE,GDPC1,CPIAUCSL,UNRATE,M2, UMCS , HOUST ,EFFR
1/1/1960,"3,277,847,000,000",29.40,0.05,"1,015,300,000,000", -   ,"1,460,000",0.04
2/1/1960,0,29.40,0.05,"1,014,600,000,000",100.00,"1,503,000",0.04
3/1/1960,0,29.40,0.05,"1,017,700,000,000", -   ,"1,109,000",0.04
4/1/1960,"3,260,177,000,000",29.50,0.05,"1,015,900,000,000", -   ,"1,289,000",0.04
5/1/1960,0,29.60,0.05,"1,017,600,000,000",93.30,"1,271,000",0.04
6/1/1960,0,29.60,0.05,"1,020,900,000,000", -   ,"1,247,000",0.02
7/1/1960,"3,276,133,000,000",29.60,0.06,"1,029,100,000,000", -   ,"1,197,000",0.03
8/1/1960,0,29.60,0.06,"1,036,500,000,000",97.20,"1,344,000",0.04
9/1/1960,0,29.60,0.06,"1,041,500,000,000", -   ,"1,097,000",0.03
10/1/1960,"3,234,087,000,000",29.80,0.06,"1,040,300,000,000", -   ,"1,246,000",0.03
11/1/1960,0,29.80,0.06,"1,044,000,000,000",90.10,"1,246,000",0.03
12/1/1960,0,29.80,0.07,"1,048,000,000,000", -   ,"1,063,000",0.02
1/1/1961,"3,255,914,000,000",29.80,0.07,"1,052,600,000,000", -   ,"1,183,000",0.03
2/1/1961,0,29.80,0.07,"1,060,700,000,000",91.60,"1,226,000",0.03
3/1/1961,0,29.80,0.07,"1,066,700,000,000", -   ,"1,312,000",0.02
4/1/1961,"3,311,181,000,000",29.80,0.07,"1,073,100,000,000", -   ,"1,166,000",0.02
5/1/1961,0,29.80,0.07,"1,079,800,000,000",92.50,"1,228,000",0.01
6/1/1961,0,29.80,0.07,"1,086,800,000,000", -   ,"1,382,000",0.02
7/1/1961,"3,374,742,000,000",29.90,0.07,"1,088,200,000,000", -   ,"1,335,000",0.01
8/1/1961,0,29.90,0.07,"1,094,200,000,000",99.20,"1,312,000",0.02
9/1/1961,0,30.00,0.07,"1,099,100,000,000", -   ,"1,429,000",0.02
10/1/1961,"3,440,924,000,000",30.00,0.07,"1,104,400,000,000", -   ,"1,415,000",0.02
11/1/1961,0,30.00,0.06,"1,112,100,000,000",93.00,"1,385,000",0.03
12/1/1961,0,30.00,0.06,"1,118,000,000,000", -   ,"1,365,000",0.02
1/1/1962,"3,502,298,000,000",30.00,0.06,"1,123,500,000,000", -   ,"1,361,000",0.03
2/1/1962,0,30.10,0.06,"1,129,500,000,000",99.90,"1,278,000",0.02
3/1/1962,0,30.20,0.06,"1,137,200,000,000", -   ,"1,443,000",0.03
4/1/1962,"3,533,947,000,000",30.20,0.06,"1,143,700,000,000", -   ,"1,524,000",0.03
5/1/1962,0,30.20,0.06,"1,149,100,000,000",95.40,"1,483,000",0.03
6/1/1962,0,30.20,0.06,"1,156,200,000,000", -   ,"1,404,000",0.03
7/1/1962,"3,577,362,000,000",30.20,0.05,"1,160,800,000,000", -   ,"1,450,000",0.03
8/1/1962,0,30.30,0.06,"1,165,100,000,000",91.60,"1,517,000",0.03
9/1/1962,0,30.40,0.06,"1,166,700,000,000", -   ,"1,324,000",0.03
10/1/1962,"3,589,128,000,000",30.40,0.05,"1,175,800,000,000", -   ,"1,533,000",0.03
11/1/1962,0,30.40,0.06,"1,184,300,000,000",95.00,"1,622,000",0.03
12/1/1962,0,30.40,0.06,"1,193,900,000,000", -   ,"1,564,000",0.03
1/1/1963,"3,628,306,000,000",30.40,0.06,"1,199,700,000,000", -   ,"1,244,000",0.03
2/1/1963,0,30.50,0.06,"1,207,000,000,000",98.40,"1,456,000",0.03
3/1/1963,0,30.50,0.06,"1,215,000,000,000", -   ,"1,534,000",0.03
4/1/1963,"3,669,020,000,000",30.50,0.06,"1,224,700,000,000", -   ,"1,689,000",0.03
5/1/1963,0,30.50,0.06,"1,232,700,000,000",91.70,"1,641,000",0.03
6/1/1963,0,30.60,0.06,"1,236,200,000,000", -   ,"1,588,000",0.03
7/1/1963,"3,749,681,000,000",30.70,0.06,"1,241,800,000,000", -   ,"1,614,000",0.03
8/1/1963,0,30.80,0.05,"1,247,500,000,000",96.40,"1,639,000",0.04
9/1/1963,0,30.70,0.06,"1,256,500,000,000", -   ,"1,763,000",0.04
10/1/1963,"3,774,264,000,000",30.80,0.06,"1,262,800,000,000", -   ,"1,779,000",0.04
11/1/1963,0,30.80,0.06,"1,271,900,000,000",94.40,"1,622,000",0.04
12/1/1963,0,30.90,0.06,"1,273,300,000,000", -   ,"1,491,000",0.04
1/1/1964,"3,853,835,000,000",30.90,0.06,"1,277,300,000,000", -   ,"1,603,000",0.03
2/1/1964,0,30.90,0.05,"1,286,300,000,000",99.50,"1,820,000",0.04
3/1/1964,0,30.90,0.05,"1,292,200,000,000", -   ,"1,517,000",0.04
4/1/1964,"3,895,793,000,000",31.00,0.05,"1,297,900,000,000", -   ,"1,448,000",0.04
5/1/1964,0,31.00,0.05,"1,304,700,000,000",98.50,"1,467,000",0.04
6/1/1964,0,31.00,0.05,"1,312,800,000,000", -   ,"1,550,000",0.04
7/1/1964,"3,956,657,000,000",31.00,0.05,"1,322,100,000,000", -   ,"1,562,000",0.04
8/1/1964,0,31.10,0.05,"1,331,400,000,000",100.60,"1,569,000",0.04
9/1/1964,0,31.10,0.05,"1,341,400,000,000", -   ,"1,455,000",0.04
10/1/1964,"3,968,878,000,000",31.10,0.05,"1,346,700,000,000", -   ,"1,524,000",0.04
11/1/1964,0,31.20,0.05,"1,352,100,000,000",99.90,"1,486,000",0.04
12/1/1964,0,31.30,0.05,"1,359,000,000,000", -   ,"1,484,000",0.04
1/1/1965,"4,064,915,000,000",31.30,0.05,"1,366,700,000,000", -   ,"1,361,000",0.04
2/1/1965,0,31.30,0.05,"1,376,000,000,000",102.00,"1,433,000",0.04
3/1/1965,0,31.30,0.05,"1,383,600,000,000", -   ,"1,423,000",0.04
4/1/1965,"4,116,267,000,000",31.40,0.05,"1,387,500,000,000", -   ,"1,438,000",0.04
5/1/1965,0,31.50,0.05,"1,388,500,000,000",105.40,"1,478,000",0.04
6/1/1965,0,31.60,0.05,"1,392,300,000,000", -   ,"1,488,000",0.04
7/1/1965,"4,207,782,000,000",31.60,0.04,"1,402,500,000,000", -   ,"1,529,000",0.04
8/1/1965,0,31.60,0.04,"1,413,000,000,000",103.40,"1,432,000",0.04
9/1/1965,0,31.60,0.04,"1,421,600,000,000", -   ,"1,482,000",0.04
10/1/1965,"4,304,731,000,000",31.70,0.04,"1,430,000,000,000", -   ,"1,452,000",0.04
11/1/1965,0,31.80,0.04,"1,435,300,000,000",102.90,"1,460,000",0.04
12/1/1965,0,31.90,0.04,"1,441,800,000,000", -   ,"1,656,000",0.04
1/1/1966,"4,409,518,000,000",31.90,0.04,"1,449,200,000,000", -   ,"1,370,000",0.05
2/1/1966,0,32.10,0.04,"1,448,300,000,000",100.00,"1,378,000",0.04
3/1/1966,0,32.20,0.04,"1,451,800,000,000", -   ,"1,394,000",0.05
4/1/1966,"4,424,581,000,000",32.30,0.04,"1,453,800,000,000", -   ,"1,352,000",0.05
5/1/1966,0,32.40,0.04,"1,453,200,000,000",95.70,"1,265,000",0.05
6/1/1966,0,32.40,0.04,"1,455,200,000,000", -   ,"1,194,000",0.04
7/1/1966,"4,462,053,000,000",32.50,0.04,"1,451,200,000,000", -   ,"1,086,000",0.06
8/1/1966,0,32.70,0.04,"1,447,500,000,000",91.20,"1,119,000",0.06
9/1/1966,0,32.80,0.04,"1,451,600,000,000", -   ,"1,046,000",0.06
10/1/1966,"4,498,660,000,000",32.90,0.04,"1,448,100,000,000", -   ,"843,000",0.06
11/1/1966,0,32.90,0.04,"1,451,600,000,000",88.30,"961,000",0.06
12/1/1966,0,32.90,0.04,"1,458,700,000,000", -   ,"990,000",0.06
1/1/1967,"4,538,498,000,000",32.90,0.04,"1,463,800,000,000", -   ,"1,067,000",0.05
2/1/1967,0,33.00,0.04,"1,470,000,000,000",94.10,"1,123,000",0.04
3/1/1967,0,33.00,0.04,"1,483,900,000,000", -   ,"1,056,000",0.04
4/1/1967,"4,541,280,000,000",33.10,0.04,"1,486,700,000,000", -   ,"1,091,000",0.05
5/1/1967,0,33.10,0.04,"1,502,100,000,000",95.90,"1,304,000",0.04
6/1/1967,0,33.30,0.04,"1,507,500,000,000", -   ,"1,248,000",0.04
7/1/1967,"4,584,246,000,000",33.40,0.04,"1,515,900,000,000", -   ,"1,364,000",0.04
8/1/1967,0,33.50,0.04,"1,524,800,000,000",97.00,"1,407,000",0.04
9/1/1967,0,33.60,0.04,"1,531,800,000,000", -   ,"1,421,000",0.04
10/1/1967,"4,618,812,000,000",33.70,0.04,"1,537,700,000,000", -   ,"1,491,000",0.04
11/1/1967,0,33.90,0.04,"1,537,500,000,000",92.90,"1,538,000",0.04
12/1/1967,0,34.00,0.04,"1,543,500,000,000", -   ,"1,308,000",0.05
1/1/1968,"4,713,013,000,000",34.10,0.04,"1,546,600,000,000", -   ,"1,380,000",0.05
2/1/1968,0,34.20,0.04,"1,550,900,000,000",97.20,"1,520,000",0.05
3/1/1968,0,34.30,0.04,"1,554,500,000,000", -   ,"1,466,000",0.05
4/1/1968,"4,791,758,000,000",34.40,0.04,"1,557,300,000,000", -   ,"1,554,000",0.06
5/1/1968,0,34.50,0.04,"1,562,000,000,000",92.40,"1,408,000",0.06
6/1/1968,0,34.70,0.04,"1,563,700,000,000", -   ,"1,405,000",0.06
7/1/1968,"4,828,892,000,000",34.90,0.04,"1,563,300,000,000", -   ,"1,512,000",0.06
8/1/1968,0,35.00,0.04,"1,569,700,000,000",92.40,"1,495,000",0.06
9/1/1968,0,35.10,0.03,"1,577,200,000,000", -   ,"1,556,000",0.06
10/1/1968,"4,847,885,000,000",35.30,0.03,"1,579,600,000,000", -   ,"1,569,000",0.06
11/1/1968,0,35.40,0.03,"1,588,700,000,000",91.70,"1,630,000",0.06
12/1/1968,0,35.60,0.03,"1,592,100,000,000", -   ,"1,548,000",0.06
1/1/1969,"4,923,760,000,000",35.70,0.03,"1,594,700,000,000", -   ,"1,769,000",0.04
2/1/1969,0,35.80,0.03,"1,597,500,000,000",98.20,"1,705,000",0.06
3/1/1969,0,36.10,0.03,"1,591,100,000,000", -   ,"1,561,000",0.07
4/1/1969,"4,938,728,000,000",36.30,0.03,"1,586,000,000,000", -   ,"1,524,000",0.07
5/1/1969,0,36.40,0.03,"1,583,800,000,000",91.50,"1,583,000",0.08
6/1/1969,0,36.60,0.04,"1,580,600,000,000", -   ,"1,528,000",0.09
7/1/1969,"4,971,349,000,000",36.80,0.04,"1,574,700,000,000", -   ,"1,368,000",0.09
8/1/1969,0,36.90,0.04,"1,572,100,000,000",86.40,"1,358,000",0.10
9/1/1969,0,37.10,0.04,"1,569,000,000,000", -   ,"1,507,000",0.10
10/1/1969,"4,947,104,000,000",37.30,0.04,"1,564,100,000,000", -   ,"1,381,000",0.08
11/1/1969,0,37.50,0.04,"1,561,100,000,000",79.70,"1,229,000",0.09
12/1/1969,0,37.70,0.04,"1,559,400,000,000", -   ,"1,327,000",0.10
1/1/1970,"4,939,759,000,000",37.90,0.04,"1,555,700,000,000", -   ,"1,085,000",0.05
2/1/1970,0,38.10,0.04,"1,538,800,000,000",78.10,"1,305,000",0.09
3/1/1970,0,38.30,0.04,"1,533,400,000,000", -   ,"1,319,000",0.09
4/1/1970,"4,946,770,000,000",38.50,0.05,"1,528,300,000,000", -   ,"1,264,000",0.08
5/1/1970,0,38.60,0.05,"1,532,400,000,000",75.40,"1,290,000",0.09
6/1/1970,0,38.80,0.05,"1,534,000,000,000", -   ,"1,385,000",0.08
7/1/1970,"4,992,357,000,000",38.90,0.05,"1,540,100,000,000", -   ,"1,517,000",0.07
8/1/1970,0,39.00,0.05,"1,551,000,000,000",77.60,"1,399,000",0.07
9/1/1970,0,39.20,0.05,"1,559,200,000,000", -   ,"1,534,000",0.07
10/1/1970,"4,938,857,000,000",39.40,0.06,"1,564,500,000,000", -   ,"1,580,000",0.07
11/1/1970,0,39.60,0.06,"1,568,400,000,000",72.40,"1,647,000",0.06
12/1/1970,0,39.80,0.06,"1,574,100,000,000", -   ,"1,893,000",0.06
1/1/1971,"5,072,996,000,000",39.90,0.06,"1,586,200,000,000", -   ,"1,828,000",0.03
2/1/1971,0,39.90,0.06,"1,606,500,000,000",78.10,"1,741,000",0.04
3/1/1971,0,40.00,0.06,"1,624,700,000,000", -   ,"1,910,000",0.04
4/1/1971,"5,100,447,000,000",40.10,0.06,"1,641,900,000,000", -   ,"1,986,000",0.04
5/1/1971,0,40.30,0.06,"1,654,300,000,000",80.20,"2,049,000",0.04
6/1/1971,0,40.50,0.06,"1,661,700,000,000", -   ,"2,026,000",0.05
7/1/1971,"5,142,422,000,000",40.60,0.06,"1,673,900,000,000", -   ,"2,083,000",0.05
8/1/1971,0,40.70,0.06,"1,684,300,000,000",82.10,"2,158,000",0.06
9/1/1971,0,40.80,0.06,"1,697,300,000,000", -   ,"2,041,000",0.06
10/1/1971,"5,154,547,000,000",40.90,0.06,"1,707,600,000,000", -   ,"2,128,000",0.05
11/1/1971,0,41.00,0.06,"1,718,500,000,000",82.00,"2,182,000",0.05
12/1/1971,0,41.10,0.06,"1,728,200,000,000", -   ,"2,295,000",0.04
1/1/1972,"5,249,337,000,000",41.20,0.06,"1,742,000,000,000", -   ,"2,494,000",0.03
2/1/1972,0,41.40,0.06,"1,752,900,000,000",92.80,"2,390,000",0.03
3/1/1972,0,41.40,0.06,"1,771,700,000,000", -   ,"2,334,000",0.03
4/1/1972,"5,368,485,000,000",41.50,0.06,"1,779,300,000,000", -   ,"2,249,000",0.04
5/1/1972,0,41.60,0.06,"1,786,800,000,000",88.60,"2,221,000",0.04
6/1/1972,0,41.70,0.06,"1,797,800,000,000", -   ,"2,254,000",0.04
7/1/1972,"5,419,184,000,000",41.80,0.06,"1,817,000,000,000", -   ,"2,252,000",0.05
8/1/1972,0,41.90,0.06,"1,834,600,000,000",95.20,"2,382,000",0.05
9/1/1972,0,42.10,0.06,"1,848,700,000,000", -   ,"2,481,000",0.05
10/1/1972,"5,509,926,000,000",42.20,0.06,"1,864,700,000,000", -   ,"2,485,000",0.05
11/1/1972,0,42.40,0.05,"1,872,400,000,000",90.70,"2,421,000",0.06
12/1/1972,0,42.50,0.05,"1,887,800,000,000", -   ,"2,366,000",0.05
1/1/1973,"5,646,286,000,000",42.70,0.05,"1,897,700,000,000", -   ,"2,481,000",0.06
2/1/1973,0,43.00,0.05,"1,893,300,000,000",81.90,"2,289,000",0.06
3/1/1973,0,43.40,0.05,"1,878,600,000,000", -   ,"2,365,000",0.07
4/1/1973,"5,707,755,000,000",43.70,0.05,"1,875,700,000,000", -   ,"2,084,000",0.07
5/1/1973,0,43.90,0.05,"1,883,400,000,000",77.00,"2,266,000",0.08
6/1/1973,0,44.20,0.05,"1,885,300,000,000", -   ,"2,067,000",0.08
7/1/1973,"5,677,738,000,000",44.20,0.05,"1,892,500,000,000", -   ,"2,123,000",0.09
8/1/1973,0,45.00,0.05,"1,864,000,000,000",72.00,"2,051,000",0.09
9/1/1973,0,45.20,0.05,"1,856,900,000,000", -   ,"1,874,000",0.11
10/1/1973,"5,731,632,000,000",45.60,0.05,"1,847,800,000,000", -   ,"1,677,000",0.11
11/1/1973,0,45.90,0.05,"1,849,500,000,000",76.50,"1,724,000",0.10
12/1/1973,0,46.30,0.05,"1,847,700,000,000", -   ,"1,526,000",0.10
1/1/1974,"5,682,353,000,000",46.80,0.05,"1,837,000,000,000", -   ,"1,451,000",0.10
2/1/1974,0,47.30,0.05,"1,827,100,000,000",61.80,"1,752,000",0.09
3/1/1974,0,47.80,0.05,"1,820,300,000,000", -   ,"1,555,000",0.09
4/1/1974,"5,695,859,000,000",48.10,0.05,"1,814,800,000,000", -   ,"1,607,000",0.10
5/1/1974,0,48.60,0.05,"1,799,600,000,000",72.10,"1,426,000",0.11
6/1/1974,0,49.00,0.05,"1,791,400,000,000", -   ,"1,513,000",0.12
7/1/1974,"5,642,025,000,000",49.30,0.06,"1,787,800,000,000", -   ,"1,316,000",0.14
8/1/1974,0,49.90,0.06,"1,771,700,000,000",64.40,"1,142,000",0.12
9/1/1974,0,50.60,0.06,"1,754,700,000,000", -   ,"1,150,000",0.12
10/1/1974,"5,620,126,000,000",51.00,0.06,"1,751,600,000,000", -   ,"1,070,000",0.11
11/1/1974,0,51.50,0.07,"1,744,900,000,000",59.50,"1,026,000",0.10
12/1/1974,0,51.90,0.07,"1,738,200,000,000", -   ,"975,000",0.09
1/1/1975,"5,551,713,000,000",52.30,0.08,"1,732,900,000,000", -   ,"1,032,000",0.04
2/1/1975,0,52.60,0.08,"1,737,800,000,000",57.60,"904,000",0.07
3/1/1975,0,52.80,0.09,"1,751,900,000,000", -   ,"993,000",0.06
4/1/1975,"5,591,382,000,000",53.00,0.09,"1,764,300,000,000", -   ,"1,005,000",0.05
5/1/1975,0,53.10,0.09,"1,785,100,000,000",72.80,"1,121,000",0.06
6/1/1975,0,53.50,0.09,"1,800,000,000,000", -   ,"1,087,000",0.05
7/1/1975,"5,687,087,000,000",54.00,0.09,"1,805,700,000,000", -   ,"1,226,000",0.06
8/1/1975,0,54.20,0.08,"1,813,800,000,000",75.70,"1,260,000",0.06
9/1/1975,0,54.60,0.08,"1,815,900,000,000", -   ,"1,264,000",0.06
10/1/1975,"5,763,665,000,000",54.90,0.08,"1,817,500,000,000", -   ,"1,344,000",0.06
11/1/1975,0,55.30,0.08,"1,820,800,000,000",75.60,"1,360,000",0.06
12/1/1975,0,55.60,0.08,"1,827,700,000,000", -   ,"1,321,000",0.05
1/1/1976,"5,893,276,000,000",55.80,0.08,"1,839,800,000,000", -   ,"1,367,000",0.05
2/1/1976,0,55.90,0.08,"1,861,000,000,000",84.60,"1,538,000",0.05
3/1/1976,0,56.00,0.08,"1,875,000,000,000", -   ,"1,421,000",0.05
4/1/1976,"5,936,515,000,000",56.10,0.08,"1,890,900,000,000", -   ,"1,395,000",0.05
5/1/1976,0,56.40,0.07,"1,900,900,000,000",83.30,"1,459,000",0.05
6/1/1976,0,56.70,0.08,"1,900,500,000,000", -   ,"1,495,000",0.06
7/1/1976,"5,969,089,000,000",57.00,0.08,"1,905,800,000,000", -   ,"1,401,000",0.06
8/1/1976,0,57.30,0.08,"1,917,500,000,000",89.70,"1,550,000",0.05
9/1/1976,0,57.60,0.08,"1,928,500,000,000", -   ,"1,720,000",0.05
10/1/1976,"6,012,356,000,000",57.90,0.08,"1,943,000,000,000", -   ,"1,629,000",0.05
11/1/1976,0,58.10,0.08,"1,959,000,000,000",87.00,"1,641,000",0.05
12/1/1976,0,58.40,0.08,"1,972,600,000,000", -   ,"1,804,000",0.05
1/1/1977,"6,083,391,000,000",58.70,0.08,"1,985,000,000,000", -   ,"1,527,000",0.04
2/1/1977,0,59.30,0.08,"1,985,800,000,000",87.10,"1,943,000",0.05
3/1/1977,0,59.60,0.07,"1,994,100,000,000", -   ,"2,063,000",0.05
4/1/1977,"6,201,659,000,000",60.00,0.07,"1,999,300,000,000", -   ,"1,892,000",0.05
5/1/1977,0,60.20,0.07,"2,008,300,000,000",90.20,"1,971,000",0.05
6/1/1977,0,60.50,0.07,"2,012,900,000,000", -   ,"1,893,000",0.05
7/1/1977,"6,313,559,000,000",60.80,0.07,"2,017,600,000,000", -   ,"2,058,000",0.05
8/1/1977,0,61.10,0.07,"2,024,500,000,000",89.00,"2,020,000",0.06
9/1/1977,0,61.30,0.07,"2,033,000,000,000", -   ,"1,949,000",0.06
10/1/1977,"6,313,697,000,000",61.60,0.07,"2,035,700,000,000", -   ,"2,042,000",0.06
11/1/1977,0,62.00,0.07,"2,036,100,000,000",84.40,"2,042,000",0.07
12/1/1977,0,62.30,0.06,"2,039,000,000,000", -   ,"2,142,000",0.07
1/1/1978,"6,333,848,000,000",62.70,0.06,"2,041,000,000,000",83.70,"1,718,000",0.07
2/1/1978,0,63.00,0.06,"2,040,500,000,000",84.30,"1,738,000",0.07
3/1/1978,0,63.40,0.06,"2,038,200,000,000",78.80,"2,032,000",0.07
4/1/1978,"6,578,605,000,000",63.90,0.06,"2,035,100,000,000",81.60,"2,197,000",0.07
5/1/1978,0,64.50,0.06,"2,031,800,000,000",82.90,"2,075,000",0.07
6/1/1978,0,65.00,0.06,"2,028,500,000,000",80.00,"2,070,000",0.07
7/1/1978,"6,644,754,000,000",65.50,0.06,"2,021,500,000,000",82.40,"2,092,000",0.08
8/1/1978,0,65.90,0.06,"2,023,500,000,000",78.40,"1,996,000",0.08
9/1/1978,0,66.50,0.06,"2,022,600,000,000",80.40,"1,970,000",0.08
10/1/1978,"6,734,069,000,000",67.10,0.06,"2,015,400,000,000",79.30,"1,981,000",0.09
11/1/1978,0,67.50,0.06,"2,013,500,000,000",75.00,"2,094,000",0.10
12/1/1978,0,67.90,0.06,"2,011,800,000,000",66.10,"2,044,000",0.10
1/1/1979,"6,746,176,000,000",68.50,0.06,"2,002,300,000,000",72.10,"1,630,000",0.11
2/1/1979,0,69.20,0.06,"1,991,000,000,000",73.90,"1,520,000",0.10
3/1/1979,0,69.90,0.06,"1,985,400,000,000",68.40,"1,847,000",0.10
4/1/1979,"6,753,389,000,000",70.60,0.06,"1,986,000,000,000",66.00,"1,748,000",0.10
5/1/1979,0,71.40,0.06,"1,975,100,000,000",68.10,"1,876,000",0.10
6/1/1979,0,72.20,0.06,"1,970,900,000,000",65.80,"1,913,000",0.10
7/1/1979,"6,803,558,000,000",73.00,0.06,"1,965,500,000,000",60.40,"1,760,000",0.11
8/1/1979,0,73.70,0.06,"1,962,800,000,000",64.50,"1,778,000",0.11
9/1/1979,0,74.40,0.06,"1,954,400,000,000",66.70,"1,832,000",0.11
10/1/1979,"6,820,572,000,000",75.20,0.06,"1,942,000,000,000",62.10,"1,681,000",0.12
11/1/1979,0,76.00,0.06,"1,928,800,000,000",63.30,"1,524,000",0.15
12/1/1979,0,76.90,0.06,"1,916,400,000,000",61.00,"1,498,000",0.14
1/1/1980,"6,842,024,000,000",78.00,0.06,"1,900,900,000,000",67.00,"1,341,000",0.15
2/1/1980,0,79.00,0.06,"1,891,900,000,000",66.90,"1,350,000",0.13
3/1/1980,0,80.10,0.06,"1,872,400,000,000",56.50,"1,047,000",0.16
4/1/1980,"6,701,046,000,000",80.90,0.07,"1,856,900,000,000",52.70,"1,051,000",0.20
5/1/1980,0,81.70,0.08,"1,851,000,000,000",51.70,"927,000",0.14
6/1/1980,0,82.50,0.08,"1,853,600,000,000",58.70,"1,196,000",0.11
7/1/1980,"6,693,082,000,000",82.60,0.08,"1,871,100,000,000",62.30,"1,269,000",0.09
8/1/1980,0,83.20,0.08,"1,876,800,000,000",67.30,"1,436,000",0.10
9/1/1980,0,83.90,0.08,"1,876,000,000,000",73.70,"1,471,000",0.11
10/1/1980,"6,817,903,000,000",84.70,0.08,"1,871,100,000,000",75.00,"1,523,000",0.13
11/1/1980,0,85.60,0.08,"1,864,300,000,000",76.70,"1,510,000",0.14
12/1/1980,0,86.40,0.07,"1,851,600,000,000",64.50,"1,482,000",0.18
1/1/1981,"6,951,495,000,000",87.20,0.08,"1,842,800,000,000",71.40,"1,547,000",0.22
2/1/1981,0,88.00,0.07,"1,839,400,000,000",66.90,"1,246,000",0.17
3/1/1981,0,88.60,0.07,"1,847,200,000,000",66.50,"1,306,000",0.16
4/1/1981,"6,899,980,000,000",89.10,0.07,"1,862,200,000,000",72.40,"1,360,000",0.15
5/1/1981,0,89.70,0.08,"1,855,300,000,000",76.30,"1,140,000",0.20
6/1/1981,0,90.50,0.08,"1,845,600,000,000",73.10,"1,045,000",0.19
7/1/1981,"6,982,609,000,000",91.50,0.07,"1,838,100,000,000",74.10,"1,041,000",0.21
8/1/1981,0,92.20,0.07,"1,837,600,000,000",77.20,"940,000",0.17
9/1/1981,0,93.10,0.08,"1,832,400,000,000",73.10,"911,000",0.18
10/1/1981,"6,906,529,000,000",93.40,0.08,"1,843,500,000,000",70.30,"873,000",0.17
11/1/1981,0,93.80,0.08,"1,850,900,000,000",62.50,"837,000",0.14
12/1/1981,0,94.10,0.09,"1,865,600,000,000",64.30,"910,000",0.13
1/1/1982,"6,799,233,000,000",94.40,0.09,"1,875,400,000,000",71.00,"843,000",0.13
2/1/1982,0,94.70,0.09,"1,873,800,000,000",66.50,"866,000",0.16
3/1/1982,0,94.70,0.09,"1,886,500,000,000",62.00,"931,000",0.14
4/1/1982,"6,830,251,000,000",95.00,0.09,"1,898,800,000,000",65.50,"917,000",0.15
5/1/1982,0,95.90,0.09,"1,893,000,000,000",67.50,"1,025,000",0.15
6/1/1982,0,97.00,0.10,"1,882,500,000,000",65.70,"902,000",0.14
7/1/1982,"6,804,139,000,000",97.50,0.10,"1,878,500,000,000",65.40,"1,166,000",0.15
8/1/1982,0,97.70,0.10,"1,888,600,000,000",65.40,"1,046,000",0.11
9/1/1982,0,97.70,0.10,"1,902,100,000,000",69.30,"1,144,000",0.11
10/1/1982,"6,806,857,000,000",98.10,0.10,"1,905,900,000,000",73.40,"1,173,000",0.11
11/1/1982,0,98.00,0.11,"1,922,100,000,000",72.10,"1,372,000",0.09
12/1/1982,0,97.70,0.11,"1,950,800,000,000",71.90,"1,303,000",0.09
1/1/1983,"6,896,561,000,000",97.90,0.10,"2,001,400,000,000",70.40,"1,586,000",0.11
2/1/1983,0,98.00,0.10,"2,037,600,000,000",74.60,"1,699,000",0.09
3/1/1983,0,98.10,0.10,"2,054,200,000,000",80.80,"1,606,000",0.09
4/1/1983,"7,053,500,000,000",98.80,0.10,"2,053,200,000,000",89.10,"1,472,000",0.09
5/1/1983,0,99.20,0.10,"2,059,600,000,000",93.30,"1,776,000",0.09
6/1/1983,0,99.40,0.10,"2,065,900,000,000",92.20,"1,733,000",0.09
7/1/1983,"7,194,504,000,000",99.80,0.09,"2,068,900,000,000",92.80,"1,785,000",0.09
8/1/1983,0,100.10,0.10,"2,071,900,000,000",90.90,"1,910,000",0.10
9/1/1983,0,100.40,0.09,"2,074,900,000,000",89.90,"1,710,000",0.10
10/1/1983,"7,344,597,000,000",100.80,0.09,"2,082,500,000,000",89.30,"1,715,000",0.11
11/1/1983,0,101.10,0.09,"2,089,300,000,000",91.10,"1,785,000",0.09
12/1/1983,0,101.40,0.08,"2,094,200,000,000",94.20,"1,688,000",0.09
1/1/1984,"7,488,167,000,000",102.10,0.08,"2,094,200,000,000",100.10,"1,897,000",0.10
2/1/1984,0,102.60,0.08,"2,103,500,000,000",97.40,"2,260,000",0.10
3/1/1984,0,102.90,0.08,"2,113,900,000,000",101.00,"1,663,000",0.10
4/1/1984,"7,617,547,000,000",103.30,0.08,"2,121,700,000,000",96.10,"1,851,000",0.10
5/1/1984,0,103.50,0.07,"2,129,600,000,000",98.10,"1,774,000",0.11
6/1/1984,0,103.70,0.07,"2,136,100,000,000",95.50,"1,843,000",0.11
7/1/1984,"7,690,985,000,000",104.10,0.08,"2,135,900,000,000",96.60,"1,732,000",0.11
8/1/1984,0,104.40,0.08,"2,136,400,000,000",99.10,"1,586,000",0.12
9/1/1984,0,104.70,0.07,"2,143,600,000,000",100.90,"1,698,000",0.12
10/1/1984,"7,754,117,000,000",105.10,0.07,"2,149,300,000,000",96.30,"1,590,000",0.11
11/1/1984,0,105.30,0.07,"2,166,600,000,000",95.70,"1,689,000",0.10
12/1/1984,0,105.50,0.07,"2,186,200,000,000",92.90,"1,612,000",0.09
1/1/1985,"7,829,260,000,000",105.70,0.07,"2,206,600,000,000",96.00,"1,711,000",0.09
2/1/1985,0,106.30,0.07,"2,214,600,000,000",93.70,"1,632,000",0.09
3/1/1985,0,106.80,0.07,"2,215,500,000,000",93.70,"1,800,000",0.09
4/1/1985,"7,898,194,000,000",107.00,0.07,"2,220,000,000,000",94.60,"1,821,000",0.09
5/1/1985,0,107.20,0.07,"2,229,000,000,000",91.80,"1,680,000",0.09
6/1/1985,0,107.50,0.07,"2,244,300,000,000",96.50,"1,676,000",0.08
7/1/1985,"8,018,809,000,000",107.70,0.07,"2,255,800,000,000",94.00,"1,684,000",0.08
8/1/1985,0,107.90,0.07,"2,265,100,000,000",92.40,"1,743,000",0.08
9/1/1985,0,108.10,0.07,"2,272,300,000,000",92.10,"1,676,000",0.08
10/1/1985,"8,078,415,000,000",108.50,0.07,"2,274,700,000,000",88.40,"1,834,000",0.08
11/1/1985,0,109.00,0.07,"2,273,200,000,000",90.90,"1,698,000",0.08
12/1/1985,0,109.50,0.07,"2,275,900,000,000",93.90,"1,942,000",0.09
1/1/1986,"8,153,829,000,000",109.90,0.07,"2,276,700,000,000",95.60,"1,972,000",0.13
2/1/1986,0,109.70,0.07,"2,290,700,000,000",95.90,"1,848,000",0.08
3/1/1986,0,109.10,0.07,"2,321,800,000,000",95.10,"1,876,000",0.08
4/1/1986,"8,190,552,000,000",108.70,0.07,"2,353,100,000,000",96.20,"1,933,000",0.07
5/1/1986,0,109.00,0.07,"2,371,400,000,000",94.80,"1,854,000",0.07
6/1/1986,0,109.40,0.07,"2,381,200,000,000",99.30,"1,847,000",0.07
7/1/1986,"8,268,935,000,000",109.50,0.07,"2,398,700,000,000",97.70,"1,782,000",0.07
8/1/1986,0,109.60,0.07,"2,414,700,000,000",94.90,"1,807,000",0.06
9/1/1986,0,110.00,0.07,"2,425,300,000,000",91.90,"1,687,000",0.06
10/1/1986,"8,313,338,000,000",110.20,0.07,"2,438,700,000,000",95.60,"1,681,000",0.06
11/1/1986,0,110.40,0.07,"2,446,800,000,000",91.40,"1,623,000",0.06
12/1/1986,0,110.80,0.07,"2,462,100,000,000",89.10,"1,833,000",0.06
1/1/1987,"8,375,274,000,000",111.40,0.07,"2,463,100,000,000",90.40,"1,774,000",0.14
2/1/1987,0,111.80,0.07,"2,457,500,000,000",90.20,"1,784,000",0.06
3/1/1987,0,112.20,0.07,"2,454,300,000,000",90.80,"1,726,000",0.06
4/1/1987,"8,465,630,000,000",112.70,0.06,"2,455,800,000,000",92.80,"1,614,000",0.06
5/1/1987,0,113.00,0.06,"2,453,900,000,000",91.10,"1,628,000",0.08
6/1/1987,0,113.50,0.06,"2,444,600,000,000",91.50,"1,594,000",0.07
7/1/1987,"8,539,075,000,000",113.80,0.06,"2,442,000,000,000",93.70,"1,575,000",0.06
8/1/1987,0,114.30,0.06,"2,439,400,000,000",94.40,"1,605,000",0.07
9/1/1987,0,114.70,0.06,"2,440,700,000,000",93.60,"1,695,000",0.07
10/1/1987,"8,685,694,000,000",115.00,0.06,"2,447,700,000,000",89.30,"1,515,000",0.08
11/1/1987,0,115.40,0.06,"2,442,700,000,000",83.10,"1,656,000",0.07
12/1/1987,0,115.60,0.06,"2,445,000,000,000",86.80,"1,400,000",0.07
1/1/1988,"8,730,569,000,000",116.00,0.06,"2,454,700,000,000",90.80,"1,271,000",0.07
2/1/1988,0,116.20,0.06,"2,470,200,000,000",91.60,"1,473,000",0.07
3/1/1988,0,116.50,0.06,"2,481,300,000,000",94.60,"1,532,000",0.07
4/1/1988,"8,845,280,000,000",117.20,0.05,"2,483,500,000,000",91.20,"1,573,000",0.07
5/1/1988,0,117.50,0.06,"2,490,200,000,000",94.80,"1,421,000",0.07
6/1/1988,0,118.00,0.05,"2,490,200,000,000",94.70,"1,478,000",0.07
7/1/1988,"8,897,107,000,000",118.50,0.05,"2,487,100,000,000",93.40,"1,467,000",0.08
8/1/1988,0,119.00,0.06,"2,480,700,000,000",97.40,"1,493,000",0.08
9/1/1988,0,119.50,0.05,"2,474,400,000,000",97.30,"1,492,000",0.08
10/1/1988,"9,015,661,000,000",119.90,0.05,"2,473,100,000,000",94.10,"1,522,000",0.09
11/1/1988,0,120.30,0.05,"2,477,300,000,000",93.00,"1,569,000",0.08
12/1/1988,0,120.70,0.05,"2,475,700,000,000",91.90,"1,563,000",0.09
1/1/1989,"9,107,314,000,000",121.20,0.05,"2,468,400,000,000",97.90,"1,621,000",0.09
2/1/1989,0,121.60,0.05,"2,460,700,000,000",95.40,"1,425,000",0.09
3/1/1989,0,122.20,0.05,"2,454,700,000,000",94.30,"1,422,000",0.10
4/1/1989,"9,176,827,000,000",123.10,0.05,"2,441,900,000,000",91.50,"1,339,000",0.10
5/1/1989,0,123.70,0.05,"2,434,600,000,000",90.70,"1,331,000",0.10
6/1/1989,0,124.10,0.05,"2,439,900,000,000",90.60,"1,397,000",0.10
7/1/1989,"9,244,816,000,000",124.50,0.05,"2,451,700,000,000",92.00,"1,427,000",0.10
8/1/1989,0,124.50,0.05,"2,469,400,000,000",89.60,"1,332,000",0.09
9/1/1989,0,124.80,0.05,"2,478,000,000,000",95.80,"1,279,000",0.09
10/1/1989,"9,263,033,000,000",125.40,0.05,"2,483,300,000,000",93.90,"1,410,000",0.09
11/1/1989,0,125.90,0.05,"2,488,700,000,000",90.90,"1,351,000",0.09
12/1/1989,0,126.30,0.05,"2,496,000,000,000",90.50,"1,251,000",0.09
1/1/1990,"9,364,259,000,000",127.50,0.05,"2,483,800,000,000",93.00,"1,551,000",0.08
2/1/1990,0,128.00,0.05,"2,483,800,000,000",89.50,"1,437,000",0.08
3/1/1990,0,128.60,0.05,"2,480,600,000,000",91.30,"1,289,000",0.08
4/1/1990,"9,398,243,000,000",128.90,0.05,"2,483,800,000,000",93.90,"1,248,000",0.08
5/1/1990,0,129.10,0.05,"2,479,200,000,000",90.60,"1,212,000",0.08
6/1/1990,0,129.90,0.05,"2,474,000,000,000",88.30,"1,177,000",0.08
7/1/1990,"9,404,494,000,000",130.50,0.06,"2,470,900,000,000",88.20,"1,171,000",0.08
8/1/1990,0,131.60,0.06,"2,463,500,000,000",76.40,"1,115,000",0.08
9/1/1990,0,132.50,0.06,"2,456,300,000,000",72.80,"1,110,000",0.08
10/1/1990,"9,318,876,000,000",133.40,0.06,"2,443,300,000,000",63.90,"1,014,000",0.08
11/1/1990,0,133.70,0.06,"2,440,200,000,000",66.00,"1,145,000",0.08
12/1/1990,0,134.20,0.06,"2,438,000,000,000",65.50,"969,000",0.08
1/1/1991,"9,275,276,000,000",134.70,0.06,"2,440,800,000,000",66.80,"798,000",0.06
2/1/1991,0,134.80,0.07,"2,451,400,000,000",70.40,"965,000",0.06
3/1/1991,0,134.80,0.07,"2,464,300,000,000",87.70,"921,000",0.06
4/1/1991,"9,347,597,000,000",135.10,0.07,"2,466,600,000,000",81.80,"1,001,000",0.06
5/1/1991,0,135.60,0.07,"2,465,300,000,000",78.30,"996,000",0.06
6/1/1991,0,136.00,0.07,"2,464,600,000,000",82.10,"1,036,000",0.06
7/1/1991,"9,394,834,000,000",136.20,0.07,"2,464,100,000,000",82.90,"1,063,000",0.06
8/1/1991,0,136.60,0.07,"2,456,100,000,000",82.00,"1,049,000",0.06
9/1/1991,0,137.00,0.07,"2,448,800,000,000",83.00,"1,015,000",0.06
10/1/1991,"9,427,581,000,000",137.20,0.07,"2,449,100,000,000",78.30,"1,079,000",0.05
11/1/1991,0,137.80,0.07,"2,442,300,000,000",69.10,"1,103,000",0.05
12/1/1991,0,138.20,0.07,"2,440,100,000,000",68.20,"1,079,000",0.05
1/1/1992,"9,540,444,000,000",138.30,0.07,"2,444,800,000,000",67.50,"1,176,000",0.04
2/1/1992,0,138.60,0.07,"2,453,100,000,000",68.80,"1,250,000",0.04
3/1/1992,0,139.10,0.07,"2,447,100,000,000",76.00,"1,297,000",0.04
4/1/1992,"9,643,893,000,000",139.40,0.07,"2,438,800,000,000",77.20,"1,099,000",0.05
5/1/1992,0,139.70,0.08,"2,432,800,000,000",79.20,"1,214,000",0.04
6/1/1992,0,140.10,0.08,"2,422,100,000,000",80.40,"1,145,000",0.04
7/1/1992,"9,739,185,000,000",140.50,0.08,"2,415,600,000,000",76.60,"1,139,000",0.04
8/1/1992,0,140.80,0.08,"2,413,900,000,000",76.10,"1,226,000",0.03
9/1/1992,0,141.10,0.08,"2,416,900,000,000",75.60,"1,186,000",0.03
10/1/1992,"9,840,753,000,000",141.70,0.07,"2,416,200,000,000",73.30,"1,244,000",0.04
11/1/1992,0,142.10,0.07,"2,411,300,000,000",85.30,"1,214,000",0.03
12/1/1992,0,142.30,0.07,"2,406,700,000,000",91.00,"1,227,000",0.03
1/1/1993,"9,857,185,000,000",142.80,0.07,"2,394,300,000,000",89.30,"1,210,000",0.03
2/1/1993,0,143.10,0.07,"2,386,100,000,000",86.60,"1,210,000",0.03
3/1/1993,0,143.30,0.07,"2,380,800,000,000",85.90,"1,083,000",0.04
4/1/1993,"9,914,565,000,000",143.80,0.07,"2,372,300,000,000",85.60,"1,258,000",0.03
5/1/1993,0,144.20,0.07,"2,383,400,000,000",80.30,"1,260,000",0.03
6/1/1993,0,144.30,0.07,"2,385,600,000,000",81.50,"1,280,000",0.03
7/1/1993,"9,961,873,000,000",144.50,0.07,"2,382,000,000,000",77.00,"1,254,000",0.03
8/1/1993,0,144.80,0.07,"2,379,600,000,000",77.30,"1,300,000",0.03
9/1/1993,0,145.00,0.07,"2,380,800,000,000",77.90,"1,343,000",0.03
10/1/1993,"10,097,362,000,000",145.60,0.07,"2,374,100,000,000",82.70,"1,392,000",0.03
11/1/1993,0,146.00,0.07,"2,376,800,000,000",81.20,"1,376,000",0.03
12/1/1993,0,146.30,0.07,"2,374,900,000,000",88.20,"1,533,000",0.03
1/1/1994,"10,195,338,000,000",146.30,0.07,"2,375,200,000,000",94.30,"1,272,000",0.03
2/1/1994,0,146.70,0.07,"2,369,300,000,000",93.20,"1,337,000",0.03
3/1/1994,0,147.10,0.07,"2,365,800,000,000",91.50,"1,564,000",0.03
4/1/1994,"10,333,495,000,000",147.20,0.06,"2,365,000,000,000",92.60,"1,465,000",0.04
5/1/1994,0,147.50,0.06,"2,366,600,000,000",92.80,"1,526,000",0.04
6/1/1994,0,147.90,0.06,"2,352,600,000,000",91.20,"1,409,000",0.04
7/1/1994,"10,393,898,000,000",148.40,0.06,"2,350,500,000,000",89.00,"1,439,000",0.04
8/1/1994,0,149.00,0.06,"2,339,400,000,000",91.70,"1,450,000",0.04
9/1/1994,0,149.30,0.06,"2,335,000,000,000",91.50,"1,474,000",0.05
10/1/1994,"10,512,962,000,000",149.40,0.06,"2,332,200,000,000",92.70,"1,450,000",0.05
11/1/1994,0,149.80,0.06,"2,327,900,000,000",91.60,"1,511,000",0.05
12/1/1994,0,150.10,0.06,"2,322,700,000,000",95.10,"1,455,000",0.05
1/1/1995,"10,550,251,000,000",150.50,0.06,"2,320,500,000,000",97.60,"1,407,000",0.05
2/1/1995,0,150.90,0.05,"2,312,700,000,000",95.10,"1,316,000",0.05
3/1/1995,0,151.20,0.05,"2,308,900,000,000",90.30,"1,249,000",0.06
4/1/1995,"10,581,723,000,000",151.80,0.06,"2,305,100,000,000",92.50,"1,267,000",0.06
5/1/1995,0,152.10,0.06,"2,317,000,000,000",89.80,"1,314,000",0.06
6/1/1995,0,152.40,0.06,"2,328,700,000,000",92.70,"1,281,000",0.06
7/1/1995,"10,671,738,000,000",152.60,0.06,"2,337,700,000,000",94.40,"1,461,000",0.06
8/1/1995,0,152.90,0.06,"2,347,300,000,000",96.20,"1,416,000",0.06
9/1/1995,0,153.10,0.06,"2,352,800,000,000",88.90,"1,369,000",0.06
10/1/1995,"10,744,203,000,000",153.50,0.06,"2,354,000,000,000",90.20,"1,369,000",0.06
11/1/1995,0,153.70,0.06,"2,355,200,000,000",88.20,"1,452,000",0.06
12/1/1995,0,153.90,0.06,"2,358,300,000,000",91.00,"1,431,000",0.06
1/1/1996,"10,824,674,000,000",154.70,0.06,"2,358,000,000,000",89.30,"1,467,000",0.05
2/1/1996,0,155.00,0.06,"2,362,500,000,000",88.50,"1,491,000",0.05
3/1/1996,0,155.50,0.06,"2,371,000,000,000",93.70,"1,424,000",0.06
4/1/1996,"11,005,217,000,000",156.10,0.06,"2,368,800,000,000",92.70,"1,516,000",0.06
5/1/1996,0,156.40,0.06,"2,371,900,000,000",89.40,"1,504,000",0.05
6/1/1996,0,156.70,0.05,"2,375,600,000,000",92.40,"1,467,000",0.05
7/1/1996,"11,103,935,000,000",157.00,0.06,"2,380,300,000,000",94.70,"1,472,000",0.08
8/1/1996,0,157.20,0.05,"2,381,700,000,000",95.30,"1,557,000",0.06
9/1/1996,0,157.70,0.05,"2,380,100,000,000",94.70,"1,475,000",0.05
10/1/1996,"11,219,238,000,000",158.20,0.05,"2,384,800,000,000",96.50,"1,392,000",0.06
11/1/1996,0,158.70,0.05,"2,391,400,000,000",99.20,"1,489,000",0.05
12/1/1996,0,159.10,0.05,"2,400,100,000,000",96.90,"1,370,000",0.05
1/1/1997,"11,291,665,000,000",159.40,0.05,"2,405,600,000,000",97.40,"1,355,000",0.06
2/1/1997,0,159.70,0.05,"2,408,500,000,000",99.70,"1,486,000",0.05
3/1/1997,0,159.80,0.05,"2,416,300,000,000",100.00,"1,457,000",0.06
4/1/1997,"11,479,330,000,000",159.90,0.05,"2,424,600,000,000",101.40,"1,492,000",0.06
5/1/1997,0,159.90,0.05,"2,432,300,000,000",103.20,"1,442,000",0.06
6/1/1997,0,160.20,0.05,"2,438,200,000,000",104.50,"1,494,000",0.06
7/1/1997,"11,622,911,000,000",160.40,0.05,"2,446,300,000,000",107.10,"1,437,000",0.06
8/1/1997,0,160.80,0.05,"2,461,100,000,000",104.40,"1,390,000",0.06
9/1/1997,0,161.20,0.05,"2,464,700,000,000",106.00,"1,546,000",0.06
10/1/1997,"11,722,722,000,000",161.50,0.05,"2,472,000,000,000",105.60,"1,520,000",0.06
11/1/1997,0,161.70,0.05,"2,482,900,000,000",107.20,"1,510,000",0.06
12/1/1997,0,161.80,0.05,"2,492,500,000,000",102.10,"1,566,000",0.06
1/1/1998,"11,839,876,000,000",162.00,0.05,"2,503,800,000,000",106.60,"1,525,000",0.06
2/1/1998,0,162.00,0.05,"2,524,000,000,000",110.40,"1,584,000",0.05
3/1/1998,0,162.00,0.05,"2,539,700,000,000",106.50,"1,567,000",0.06
4/1/1998,"11,949,492,000,000",162.20,0.04,"2,552,500,000,000",108.70,"1,540,000",0.06
5/1/1998,0,162.60,0.04,"2,561,100,000,000",106.50,"1,536,000",0.05
6/1/1998,0,162.80,0.05,"2,570,100,000,000",105.60,"1,641,000",0.06
7/1/1998,"12,099,191,000,000",163.20,0.05,"2,575,900,000,000",105.20,"1,698,000",0.06
8/1/1998,0,163.40,0.05,"2,587,900,000,000",104.40,"1,614,000",0.06
9/1/1998,0,163.50,0.05,"2,610,200,000,000",100.90,"1,582,000",0.06
10/1/1998,"12,294,737,000,000",163.90,0.05,"2,628,200,000,000",97.40,"1,715,000",0.06
11/1/1998,0,164.10,0.04,"2,648,600,000,000",102.70,"1,660,000",0.05
12/1/1998,0,164.40,0.04,"2,661,300,000,000",100.50,"1,792,000",0.05
1/1/1999,"12,410,778,000,000",164.70,0.04,"2,673,100,000,000",103.90,"1,748,000",0.04
2/1/1999,0,164.70,0.04,"2,686,900,000,000",108.10,"1,670,000",0.05
3/1/1999,0,164.80,0.04,"2,689,400,000,000",105.70,"1,710,000",0.05
4/1/1999,"12,514,408,000,000",165.90,0.04,"2,688,800,000,000",104.60,"1,553,000",0.05
5/1/1999,0,166.00,0.04,"2,702,000,000,000",106.80,"1,611,000",0.05
6/1/1999,0,166.00,0.04,"2,715,200,000,000",107.30,"1,559,000",0.05
7/1/1999,"12,679,977,000,000",166.70,0.04,"2,720,200,000,000",106.00,"1,669,000",0.06
8/1/1999,0,167.10,0.04,"2,723,900,000,000",104.50,"1,648,000",0.05
9/1/1999,0,167.80,0.04,"2,722,100,000,000",107.20,"1,635,000",0.05
10/1/1999,"12,888,281,000,000",168.10,0.04,"2,731,400,000,000",103.20,"1,608,000",0.05
11/1/1999,0,168.40,0.04,"2,737,800,000,000",107.20,"1,648,000",0.05
12/1/1999,0,168.80,0.04,"2,747,600,000,000",105.40,"1,708,000",0.06
1/1/2000,"12,935,252,000,000",169.30,0.04,"2,756,200,000,000",112.00,"1,636,000",0.04
2/1/2000,0,170.00,0.04,"2,752,600,000,000",111.30,"1,737,000",0.06
3/1/2000,0,171.00,0.04,"2,754,500,000,000",107.10,"1,604,000",0.06
4/1/2000,"13,170,749,000,000",170.90,0.04,"2,788,800,000,000",109.20,"1,626,000",0.06
5/1/2000,0,171.20,0.04,"2,776,800,000,000",110.70,"1,575,000",0.06
6/1/2000,0,172.20,0.04,"2,771,100,000,000",106.40,"1,559,000",0.07
7/1/2000,"13,183,890,000,000",172.70,0.04,"2,773,200,000,000",108.30,"1,463,000",0.07
8/1/2000,0,172.70,0.04,"2,789,500,000,000",107.30,"1,541,000",0.07
9/1/2000,0,173.60,0.04,"2,795,600,000,000",106.80,"1,507,000",0.07
10/1/2000,"13,262,250,000,000",173.90,0.04,"2,800,000,000,000",105.80,"1,549,000",0.07
11/1/2000,0,174.20,0.04,"2,801,400,000,000",107.60,"1,551,000",0.07
12/1/2000,0,174.60,0.04,"2,820,600,000,000",98.40,"1,532,000",0.07
1/1/2001,"13,219,251,000,000",175.60,0.04,"2,833,300,000,000",94.70,"1,600,000",0.05
2/1/2001,0,176.00,0.04,"2,848,600,000,000",90.60,"1,625,000",0.06
3/1/2001,0,176.10,0.04,"2,879,700,000,000",91.50,"1,590,000",0.06
4/1/2001,"13,301,394,000,000",176.40,0.04,"2,911,100,000,000",88.40,"1,649,000",0.05
5/1/2001,0,177.30,0.04,"2,894,600,000,000",92.00,"1,605,000",0.05
6/1/2001,0,177.70,0.05,"2,910,800,000,000",92.60,"1,636,000",0.04
7/1/2001,"13,248,142,000,000",177.40,0.05,"2,932,600,000,000",92.40,"1,670,000",0.04
8/1/2001,0,177.40,0.05,"2,951,700,000,000",91.50,"1,567,000",0.04
9/1/2001,0,178.10,0.05,"3,002,500,000,000",81.80,"1,562,000",0.04
10/1/2001,"13,284,881,000,000",177.60,0.05,"3,004,500,000,000",82.70,"1,540,000",0.03
11/1/2001,0,177.50,0.06,"3,030,800,000,000",83.90,"1,602,000",0.03
12/1/2001,0,177.40,0.06,"3,062,400,000,000",88.80,"1,568,000",0.02
1/1/2002,"13,394,910,000,000",177.70,0.06,"3,068,700,000,000",93.00,"1,698,000",0.02
2/1/2002,0,178.00,0.06,"3,080,000,000,000",90.70,"1,829,000",0.02
3/1/2002,0,178.50,0.06,"3,078,000,000,000",95.70,"1,642,000",0.02
4/1/2002,"13,477,356,000,000",179.30,0.06,"3,064,400,000,000",93.00,"1,592,000",0.02
5/1/2002,0,179.50,0.06,"3,075,500,000,000",96.90,"1,764,000",0.02
6/1/2002,0,179.60,0.06,"3,087,800,000,000",92.40,"1,717,000",0.02
7/1/2002,"13,531,741,000,000",180.00,0.06,"3,104,600,000,000",88.10,"1,655,000",0.02
8/1/2002,0,180.50,0.06,"3,119,400,000,000",87.60,"1,633,000",0.02
9/1/2002,0,180.80,0.06,"3,127,800,000,000",86.10,"1,804,000",0.02
10/1/2002,"13,549,421,000,000",181.20,0.06,"3,145,500,000,000",80.60,"1,648,000",0.02
11/1/2002,0,181.50,0.06,"3,167,900,000,000",84.20,"1,753,000",0.02
12/1/2002,0,181.80,0.06,"3,174,300,000,000",86.70,"1,788,000",0.01
1/1/2003,"13,619,434,000,000",182.60,0.06,"3,178,300,000,000",82.40,"1,853,000",0.01
2/1/2003,0,183.60,0.06,"3,180,600,000,000",79.90,"1,629,000",0.01
3/1/2003,0,183.90,0.06,"3,186,700,000,000",77.60,"1,726,000",0.01
4/1/2003,"13,741,107,000,000",183.20,0.06,"3,219,300,000,000",86.00,"1,643,000",0.01
5/1/2003,0,182.90,0.06,"3,257,500,000,000",92.10,"1,751,000",0.01
6/1/2003,0,183.10,0.06,"3,274,000,000,000",89.70,"1,867,000",0.01
7/1/2003,"13,970,157,000,000",183.70,0.06,"3,288,700,000,000",90.90,"1,897,000",0.01
8/1/2003,0,184.50,0.06,"3,306,000,000,000",89.30,"1,833,000",0.01
9/1/2003,0,185.10,0.06,"3,280,200,000,000",87.70,"1,939,000",0.01
10/1/2003,"14,131,379,000,000",184.90,0.06,"3,278,800,000,000",89.60,"1,967,000",0.01
11/1/2003,0,185.00,0.06,"3,279,800,000,000",93.70,"2,083,000",0.01
12/1/2003,0,185.50,0.06,"3,270,000,000,000",92.60,"2,057,000",0.01
1/1/2004,"14,212,340,000,000",186.30,0.06,"3,260,500,000,000",103.80,"1,911,000",0.01
2/1/2004,0,186.70,0.06,"3,274,300,000,000",94.40,"1,846,000",0.01
3/1/2004,0,187.10,0.06,"3,286,500,000,000",95.80,"1,998,000",0.01
4/1/2004,"14,323,017,000,000",187.40,0.06,"3,303,200,000,000",94.20,"2,003,000",0.01
5/1/2004,0,188.20,0.06,"3,330,000,000,000",90.20,"1,981,000",0.01
6/1/2004,0,188.90,0.06,"3,318,900,000,000",95.60,"1,828,000",0.01
7/1/2004,"14,457,832,000,000",189.10,0.06,"3,322,600,000,000",96.70,"2,002,000",0.01
8/1/2004,0,189.20,0.05,"3,334,700,000,000",95.90,"2,024,000",0.01
9/1/2004,0,189.80,0.05,"3,342,400,000,000",94.20,"1,905,000",0.02
10/1/2004,"14,605,595,000,000",190.80,0.06,"3,339,700,000,000",91.70,"2,072,000",0.02
11/1/2004,0,191.70,0.05,"3,337,900,000,000",92.80,"1,782,000",0.02
12/1/2004,0,191.70,0.05,"3,347,500,000,000",97.10,"2,042,000",0.02
1/1/2005,"14,767,846,000,000",191.60,0.05,"3,352,500,000,000",95.50,"2,144,000",0.02
2/1/2005,0,192.40,0.05,"3,342,900,000,000",94.10,"2,207,000",0.02
3/1/2005,0,193.10,0.05,"3,335,500,000,000",92.60,"1,864,000",0.02
4/1/2005,"14,839,707,000,000",193.70,0.05,"3,332,300,000,000",87.70,"2,061,000",0.03
5/1/2005,0,193.60,0.05,"3,343,000,000,000",86.90,"2,025,000",0.03
6/1/2005,0,193.70,0.05,"3,358,000,000,000",96.00,"2,068,000",0.03
7/1/2005,"14,956,291,000,000",194.90,0.05,"3,353,500,000,000",96.50,"2,054,000",0.03
8/1/2005,0,196.10,0.05,"3,349,700,000,000",89.10,"2,095,000",0.03
9/1/2005,0,198.80,0.05,"3,321,400,000,000",76.90,"2,151,000",0.04
10/1/2005,"15,041,232,000,000",199.10,0.05,"3,333,500,000,000",74.20,"2,065,000",0.04
11/1/2005,0,198.10,0.05,"3,358,600,000,000",81.60,"2,147,000",0.04
12/1/2005,0,198.10,0.05,"3,372,100,000,000",91.50,"1,994,000",0.04
1/1/2006,"15,244,088,000,000",199.30,0.05,"3,373,100,000,000",91.20,"2,273,000",0.04
2/1/2006,0,199.40,0.05,"3,383,600,000,000",86.70,"2,119,000",0.04
3/1/2006,0,199.70,0.05,"3,385,600,000,000",88.90,"1,969,000",0.05
4/1/2006,"15,281,525,000,000",200.70,0.05,"3,387,400,000,000",87.40,"1,821,000",0.05
5/1/2006,0,201.30,0.05,"3,380,600,000,000",79.10,"1,942,000",0.05
6/1/2006,0,201.80,0.05,"3,391,100,000,000",84.90,"1,802,000",0.05
7/1/2006,"15,304,517,000,000",202.90,0.05,"3,393,100,000,000",84.70,"1,737,000",0.05
8/1/2006,0,203.80,0.05,"3,393,200,000,000",82.00,"1,650,000",0.05
9/1/2006,0,202.80,0.05,"3,423,400,000,000",85.40,"1,720,000",0.05
10/1/2006,"15,433,643,000,000",201.90,0.04,"3,462,900,000,000",93.60,"1,491,000",0.05
11/1/2006,0,202.00,0.05,"3,478,500,000,000",92.10,"1,570,000",0.05
12/1/2006,0,203.10,0.04,"3,480,800,000,000",91.70,"1,649,000",0.05
1/1/2007,"15,478,956,000,000",203.40,0.05,"3,493,700,000,000",96.90,"1,409,000",0.05
2/1/2007,0,204.20,0.05,"3,487,900,000,000",91.30,"1,480,000",0.05
3/1/2007,0,205.30,0.04,"3,486,300,000,000",88.40,"1,495,000",0.05
4/1/2007,"15,577,779,000,000",205.90,0.05,"3,511,000,000,000",87.10,"1,490,000",0.05
5/1/2007,0,206.80,0.04,"3,503,300,000,000",88.30,"1,415,000",0.05
6/1/2007,0,207.20,0.05,"3,511,200,000,000",85.30,"1,448,000",0.05
7/1/2007,"15,671,605,000,000",207.60,0.05,"3,519,500,000,000",90.40,"1,354,000",0.05
8/1/2007,0,207.70,0.05,"3,555,100,000,000",83.40,"1,330,000",0.05
9/1/2007,0,208.50,0.05,"3,548,900,000,000",83.40,"1,183,000",0.05
10/1/2007,"15,767,146,000,000",209.20,0.05,"3,544,500,000,000",80.90,"1,264,000",0.05
11/1/2007,0,210.80,0.05,"3,528,700,000,000",76.10,"1,197,000",0.05
12/1/2007,0,211.40,0.05,"3,532,500,000,000",75.50,"1,037,000",0.05
1/1/2008,"15,702,906,000,000",212.20,0.05,"3,536,300,000,000",78.40,"1,084,000",0.03
2/1/2008,0,212.70,0.05,"3,567,500,000,000",70.80,"1,103,000",0.03
3/1/2008,0,213.40,0.05,"3,585,600,000,000",69.50,"1,005,000",0.03
4/1/2008,"15,792,773,000,000",213.90,0.05,"3,597,300,000,000",62.60,"1,013,000",0.02
5/1/2008,0,215.20,0.05,"3,581,800,000,000",59.80,"973,000",0.02
6/1/2008,0,217.50,0.06,"3,552,700,000,000",56.40,"1,046,000",0.02
7/1/2008,"15,709,562,000,000",219.00,0.06,"3,548,600,000,000",61.20,"923,000",0.02
8/1/2008,0,218.70,0.06,"3,560,700,000,000",63.00,"844,000",0.02
9/1/2008,0,218.90,0.06,"3,589,500,000,000",70.30,"820,000",0.02
10/1/2008,"15,366,607,000,000",217.00,0.07,"3,669,700,000,000",57.60,"777,000",0.01
11/1/2008,0,213.20,0.07,"3,759,500,000,000",55.30,"652,000",0.00
12/1/2008,0,211.40,0.07,"3,874,100,000,000",60.10,"560,000",0.01
1/1/2009,"15,187,475,000,000",211.90,0.08,"3,902,700,000,000",61.20,"490,000",0.00
2/1/2009,0,212.70,0.08,"3,902,400,000,000",56.30,"582,000",0.00
3/1/2009,0,212.50,0.09,"3,937,300,000,000",57.30,"505,000",0.00
4/1/2009,"15,161,772,000,000",212.70,0.09,"3,934,900,000,000",65.10,"478,000",0.00
5/1/2009,0,213.00,0.09,"3,956,200,000,000",68.70,"540,000",0.00
6/1/2009,0,214.80,0.10,"3,928,100,000,000",70.80,"585,000",0.00
7/1/2009,"15,216,647,000,000",214.70,0.10,"3,931,500,000,000",66.00,"594,000",0.00
8/1/2009,0,215.40,0.10,"3,918,300,000,000",65.70,"586,000",0.00
9/1/2009,0,215.90,0.10,"3,910,400,000,000",73.50,"585,000",0.00
10/1/2009,"15,379,155,000,000",216.50,0.10,"3,911,200,000,000",70.60,"534,000",0.00
11/1/2009,0,217.20,0.10,"3,912,000,000,000",67.40,"588,000",0.00
12/1/2009,0,217.30,0.10,"3,907,600,000,000",72.50,"581,000",0.00
1/1/2010,"15,456,059,000,000",217.50,0.10,"3,887,800,000,000",74.40,"614,000",0.00
2/1/2010,0,217.30,0.10,"3,914,300,000,000",73.60,"604,000",0.00
3/1/2010,0,217.40,0.10,"3,911,700,000,000",73.60,"636,000",0.00
4/1/2010,"15,605,628,000,000",217.40,0.10,"3,924,900,000,000",72.20,"687,000",0.00
5/1/2010,0,217.30,0.10,"3,952,200,000,000",73.60,"583,000",0.00
6/1/2010,0,217.20,0.09,"3,962,600,000,000",76.00,"536,000",0.00
7/1/2010,"15,726,282,000,000",217.60,0.09,"3,959,600,000,000",67.80,"546,000",0.00
8/1/2010,0,217.90,0.10,"3,977,000,000,000",68.90,"599,000",0.00
9/1/2010,0,218.30,0.10,"3,984,800,000,000",68.20,"594,000",0.00
10/1/2010,"15,807,995,000,000",219.00,0.09,"3,993,400,000,000",67.70,"543,000",0.00
11/1/2010,0,219.60,0.10,"3,992,800,000,000",71.60,"545,000",0.00
12/1/2010,0,220.50,0.09,"3,991,200,000,000",74.50,"539,000",0.00
1/1/2011,"15,769,911,000,000",221.20,0.09,"3,987,800,000,000",74.20,"630,000",0.00
2/1/2011,0,221.90,0.09,"4,003,700,000,000",77.50,"517,000",0.00
3/1/2011,0,223.00,0.09,"4,008,400,000,000",67.50,"600,000",0.00
4/1/2011,"15,876,839,000,000",224.10,0.09,"4,017,100,000,000",69.80,"554,000",0.00
5/1/2011,0,224.80,0.09,"4,035,800,000,000",74.30,"561,000",0.00
6/1/2011,0,224.80,0.09,"4,069,500,000,000",71.50,"608,000",0.00
7/1/2011,"15,870,684,000,000",225.40,0.09,"4,132,200,000,000",63.70,"623,000",0.00
8/1/2011,0,226.10,0.09,"4,203,800,000,000",55.80,"585,000",0.00
9/1/2011,0,226.60,0.09,"4,203,900,000,000",59.50,"650,000",0.00
10/1/2011,"16,048,702,000,000",226.80,0.09,"4,215,900,000,000",60.80,"610,000",0.00
11/1/2011,0,227.20,0.09,"4,230,400,000,000",63.70,"711,000",0.00
12/1/2011,0,227.20,0.09,"4,250,300,000,000",69.90,"694,000",0.00
1/1/2012,"16,179,968,000,000",227.80,0.08,"4,271,200,000,000",75.00,"723,000",0.00
2/1/2012,0,228.30,0.08,"4,287,400,000,000",75.30,"704,000",0.00
3/1/2012,0,228.80,0.08,"4,299,300,000,000",76.20,"695,000",0.00
4/1/2012,"16,253,726,000,000",229.20,0.08,"4,315,200,000,000",76.40,"753,000",0.00
5/1/2012,0,228.70,0.08,"4,343,700,000,000",79.30,"708,000",0.00
6/1/2012,0,228.50,0.08,"4,375,100,000,000",73.20,"757,000",0.00
7/1/2012,"16,282,151,000,000",228.60,0.08,"4,398,800,000,000",72.30,"740,000",0.00
8/1/2012,0,229.90,0.08,"4,399,500,000,000",74.30,"754,000",0.00
9/1/2012,0,231.00,0.08,"4,412,300,000,000",78.30,"847,000",0.00
10/1/2012,"16,300,035,000,000",231.60,0.08,"4,427,800,000,000",82.60,"915,000",0.00
11/1/2012,0,231.20,0.08,"4,462,600,000,000",82.70,"833,000",0.00
12/1/2012,0,231.20,0.08,"4,520,100,000,000",72.90,"976,000",0.00
1/1/2013,"16,441,485,000,000",231.70,0.08,"4,522,200,000,000",73.80,"888,000",0.00
2/1/2013,0,232.90,0.08,"4,503,000,000,000",77.60,"962,000",0.00
3/1/2013,0,232.30,0.08,"4,544,400,000,000",78.60,"1,010,000",0.00
4/1/2013,"16,464,402,000,000",231.80,0.08,"4,568,800,000,000",76.40,"835,000",0.00
5/1/2013,0,231.90,0.08,"4,584,100,000,000",84.50,"930,000",0.00
6/1/2013,0,232.40,0.08,"4,595,700,000,000",84.10,"839,000",0.00
7/1/2013,"16,594,743,000,000",232.90,0.07,"4,606,700,000,000",85.10,"880,000",0.00
8/1/2013,0,233.50,0.07,"4,619,100,000,000",82.10,"917,000",0.00
9/1/2013,0,233.50,0.07,"4,639,500,000,000",77.50,"850,000",0.00
10/1/2013,"16,712,760,000,000",233.70,0.07,"4,685,600,000,000",73.20,"925,000",0.00
11/1/2013,0,234.10,0.07,"4,679,200,000,000",75.10,"1,100,000",0.00
12/1/2013,0,234.70,0.07,"4,695,100,000,000",82.50,"1,002,000",0.00
1/1/2014,"16,654,247,000,000",235.30,0.07,"4,707,700,000,000",81.20,"888,000",0.00
2/1/2014,0,235.50,0.07,"4,741,900,000,000",81.60,"944,000",0.00
3/1/2014,0,236.00,0.07,"4,748,400,000,000",80.00,"970,000",0.00
4/1/2014,"16,868,109,000,000",236.50,0.06,"4,761,700,000,000",84.10,"1,043,000",0.00
5/1/2014,0,236.90,0.06,"4,780,700,000,000",81.90,"1,007,000",0.00
6/1/2014,0,237.20,0.06,"4,795,800,000,000",82.50,"911,000",0.00
7/1/2014,"17,064,616,000,000",237.50,0.06,"4,814,400,000,000",81.80,"1,085,000",0.00
8/1/2014,0,237.50,0.06,"4,827,300,000,000",82.50,"984,000",0.00
9/1/2014,0,237.50,0.06,"4,841,200,000,000",84.60,"1,023,000",0.00
10/1/2014,"17,141,235,000,000",237.40,0.06,"4,868,200,000,000",86.90,"1,074,000",0.00
11/1/2014,0,237.00,0.06,"4,892,600,000,000",88.80,"1,001,000",0.00
12/1/2014,0,236.30,0.06,"4,941,300,000,000",93.60,"1,073,000",0.00
1/1/2015,"17,280,647,000,000",234.70,0.06,"5,002,800,000,000",98.10,"1,085,000",0.00
2/1/2015,0,235.30,0.06,"5,044,400,000,000",95.40,"886,000",0.00
3/1/2015,0,236.00,0.05,"5,037,800,000,000",93.00,"960,000",0.00
4/1/2015,"17,380,875,000,000",236.20,0.05,"5,049,300,000,000",95.90,"1,190,000",0.00
5/1/2015,0,237.00,0.06,"5,045,500,000,000",90.70,"1,079,000",0.00
6/1/2015,0,237.70,0.05,"5,050,500,000,000",96.10,"1,205,000",0.00
7/1/2015,"17,437,080,000,000",238.00,0.05,"5,063,100,000,000",93.10,"1,146,000",0.00
8/1/2015,0,238.00,0.05,"5,083,600,000,000",91.90,"1,130,000",0.00
9/1/2015,0,237.50,0.05,"5,117,800,000,000",87.20,"1,224,000",0.00
10/1/2015,"17,462,579,000,000",237.70,0.05,"5,128,700,000,000",90.00,"1,058,000",0.00
11/1/2015,0,238.00,0.05,"5,158,000,000,000",91.30,"1,172,000",0.00
12/1/2015,0,237.80,0.05,"5,190,100,000,000",92.60,"1,146,000",0.00
1/1/2016,"17,565,465,000,000",237.70,0.05,"5,247,800,000,000",92.00,"1,092,000",0.00
2/1/2016,0,237.30,0.05,"5,288,800,000,000",91.70,"1,225,000",0.00
3/1/2016,0,238.10,0.05,"5,299,300,000,000",91.00,"1,111,000",0.00
4/1/2016,"17,618,581,000,000",239.00,0.05,"5,312,700,000,000",89.00,"1,163,000",0.00
5/1/2016,0,239.60,0.05,"5,328,000,000,000",94.70,"1,148,000",0.00
6/1/2016,0,240.20,0.05,"5,341,100,000,000",93.50,"1,203,000",0.00
7/1/2016,"17,724,489,000,000",240.10,0.05,"5,368,200,000,000",90.00,"1,239,000",0.00
8/1/2016,0,240.50,0.05,"5,391,200,000,000",89.80,"1,171,000",0.00
9/1/2016,0,241.20,0.05,"5,401,600,000,000",91.20,"1,068,000",0.00
10/1/2016,"17,812,560,000,000",241.70,0.05,"5,418,900,000,000",87.20,"1,313,000",0.00
11/1/2016,0,242.00,0.05,"5,443,300,000,000",93.80,"1,140,000",0.00
12/1/2016,0,242.60,0.05,"5,446,100,000,000",98.20,"1,252,000",0.00
1/1/2017,"17,896,623,000,000",243.60,0.05,"5,454,700,000,000",98.50,"1,193,000",0.01
2/1/2017,0,243.90,0.05,"5,478,000,000,000",96.30,"1,281,000",0.01
3/1/2017,0,243.80,0.04,"5,508,800,000,000",96.90,"1,190,000",0.01
4/1/2017,"17,996,802,000,000",244.30,0.05,"5,521,100,000,000",97.00,"1,145,000",0.01
5/1/2017,0,244.10,0.04,"5,546,500,000,000",97.10,"1,160,000",0.01
6/1/2017,0,244.20,0.04,"5,554,300,000,000",95.00,"1,247,000",0.01
7/1/2017,"18,126,226,000,000",244.30,0.04,"5,576,300,000,000",93.40,"1,202,000",0.01
8/1/2017,0,245.20,0.04,"5,575,500,000,000",96.80,"1,159,000",0.01
9/1/2017,0,246.60,0.04,"5,562,500,000,000",95.10,"1,175,000",0.01
10/1/2017,"18,296,685,000,000",246.70,0.04,"5,581,700,000,000",100.70,"1,248,000",0.01
11/1/2017,0,247.40,0.04,"5,579,500,000,000",98.50,"1,278,000",0.01
12/1/2017,0,247.70,0.04,"5,592,600,000,000",95.90,"1,182,000",0.01
1/1/2018,"18,436,262,000,000",248.70,0.04,"5,577,300,000,000",95.70,"1,309,000",0.01
2/1/2018,0,249.30,0.04,"5,581,500,000,000",99.70,"1,289,000",0.01
3/1/2018,0,249.50,0.04,"5,599,300,000,000",101.40,"1,327,000",0.01
4/1/2018,"18,590,004,000,000",250.30,0.04,"5,594,400,000,000",98.80,"1,285,000",0.02
5/1/2018,0,250.80,0.04,"5,608,800,000,000",98.00,"1,354,000",0.02
6/1/2018,0,251.20,0.04,"5,624,400,000,000",98.20,"1,199,000",0.02
7/1/2018,"18,679,599,000,000",251.30,0.04,"5,631,800,000,000",97.90,"1,193,000",0.02
8/1/2018,0,251.70,0.04,"5,639,900,000,000",96.20,"1,288,000",0.02
9/1/2018,0,252.20,0.04,"5,642,100,000,000",100.10,"1,238,000",0.02
10/1/2018,"18,721,281,000,000",252.90,0.04,"5,629,000,000,000",98.60,"1,208,000",0.02
11/1/2018,0,252.80,0.04,"5,638,300,000,000",97.50,"1,183,000",0.02
12/1/2018,0,252.50,0.04,"5,692,800,000,000",98.30,"1,095,000",0.02
1/1/2019,"18,833,195,000,000",252.40,0.04,"5,721,500,000,000",91.20,"1,244,000",0.02
2/1/2019,0,253.00,0.04,"5,726,500,000,000",93.80,"1,142,000",0.02
3/1/2019,0,254.10,0.04,"5,718,500,000,000",98.40,"1,203,000",0.02
4/1/2019,"18,982,528,000,000",255.30,0.04,"5,706,000,000,000",97.20,"1,282,000",0.02
5/1/2019,0,255.40,0.04,"5,744,000,000,000",100.00,"1,303,000",0.02
6/1/2019,0,255.40,0.04,"5,789,200,000,000",98.20,"1,237,000",0.02
7/1/2019,"19,112,653,000,000",255.90,0.04,"5,805,600,000,000",98.40,"1,224,000",0.02
8/1/2019,0,256.10,0.04,"5,831,400,000,000",89.80,"1,371,000",0.02
9/1/2019,0,256.50,0.04,"5,857,600,000,000",93.20,"1,285,000",0.02
10/1/2019,"19,202,310,000,000",257.40,0.04,"5,887,300,000,000",95.50,"1,318,000",0.02
11/1/2019,0,258.00,0.04,"5,911,600,000,000",96.80,"1,350,000",0.02
12/1/2019,0,258.20,0.04,"5,935,600,000,000",99.30,"1,547,000",0.02
1/1/2020,"18,951,992,000,000",258.70,0.04,"5,955,800,000,000",99.80,"1,589,000",0.02
2/1/2020,0,258.80,0.04,"5,977,200,000,000",101.00,"1,589,000",0.02
3/1/2020,0,258.00,0.04,"6,206,200,000,000",89.10,"1,277,000",0.02
4/1/2020,"17,258,205,000,000",256.20,0.15,"6,650,900,000,000",71.80,"938,000",0.00
5/1/2020,0,255.90,0.13,"6,989,600,000,000",72.30,"1,046,000",0.00
6/1/2020,0,257.30,0.11,"7,064,500,000,000",78.10,"1,273,000",0.00
7/1/2020,"18,560,774,000,000",258.60,0.10,"7,082,900,000,000",72.50,"1,497,000",0.00
8/1/2020,0,259.50,0.08,"7,082,000,000,000",74.10,"1,376,000",0.00
9/1/2020,0,260.10,0.08,"7,150,400,000,000",80.40,"1,448,000",0.00
10/1/2020,"18,767,778,000,000",260.50,0.07,"7,197,900,000,000",81.80,"1,514,000",0.00
11/1/2020,0,260.90,0.07,"7,265,900,000,000",76.90,"1,551,000",0.00
12/1/2020,0,261.60,0.07,"7,313,600,000,000",80.70,"1,661,000",0.00
1/1/2021,"19,055,655,000,000",262.20,0.06,"7,395,500,000,000",79.00,"1,625,000",0.00
2/1/2021,0,263.20,0.06,"7,472,800,000,000",76.80,"1,447,000",0.00
3/1/2021,0,264.80,0.06,"7,520,400,000,000",84.90,"1,725,000",0.00
4/1/2021,"19,360,600,000,000",266.80,0.06,"7,541,400,000,000",88.30,"1,514,000",0.00
5/1/2021,0,268.60,0.06,"7,586,200,000,000",82.90,"1,594,000",0.00
6/1/2021,0,271.00,0.06,"7,523,600,000,000",85.50,"1,650,000",0.00
7/1/2021,0,272.30,0.05,"7,542,100,000,000",81.20,"1,534,000",0.00
